{"stats":{"minecraft:killed_by":{"minecraft:player":1},"minecraft:dropped":{"minecraft:spruce_trapdoor":11,"minecraft:spruce_slab":8,"minecraft:lily_of_the_valley":1},"minecraft:picked_up":{"minecraft:book":6,"minecraft:stick":3,"minecraft:crafting_table":3,"apotheosis:gem":8,"minecraft:flower_pot":6,"minecraft:wooden_pickaxe":1,"minecraft:spruce_stairs":4,"minecraft:stone_brick_wall":6,"minecraft:enchanted_book":3,"minecraft:stone_brick_stairs":2,"minecraft:oak_log":17,"minecraft:lily_of_the_valley":2,"minecraft:cornflower":2,"minecraft:item_frame":8,"minecraft:stone_sword":1,"minecraft:stone_bricks":45,"minecraft:stone_axe":1,"minecraft:wheat_seeds":2,"minecraft:spruce_planks":8,"minecraft:iron_ingot":2,"minecraft:stone_pickaxe":1,"minecraft:spruce_slab":16,"minecraft:oak_planks":4,"minecraft:spruce_trapdoor":18,"minecraft:cobblestone":10,"minecraft:wooden_axe":1},"minecraft:mined":{"minecraft:kelp_plant":2,"biomesoplenty:maple_leaves":1,"minecraft:crafting_table":2,"minecraft:grass":2,"minecraft:oak_log":17,"minecraft:tall_grass":1,"minecraft:stone":9},"minecraft:custom":{"minecraft:time_since_rest":5039,"lootr:looted_stat":1,"minecraft:sprint_one_cm":50505,"minecraft:damage_taken":766,"minecraft:walk_one_cm":29622,"minecraft:drop":3,"minecraft:damage_dealt":123,"minecraft:interact_with_crafting_table":2,"minecraft:swim_one_cm":9715,"minecraft:fly_one_cm":156793,"minecraft:play_time":15608,"minecraft:deaths":2,"minecraft:sneak_time":17,"minecraft:walk_under_water_one_cm":335,"minecraft:jump":312,"minecraft:leave_game":1,"minecraft:walk_on_water_one_cm":7283,"minecraft:time_since_death":4985,"minecraft:total_world_time":15608},"minecraft:crafted":{"minecraft:oak_planks":40,"minecraft:crafting_table":2,"minecraft:stick":12,"minecraft:wooden_pickaxe":1,"minecraft:stone_pickaxe":1,"minecraft:wooden_axe":1,"minecraft:stone_sword":1,"minecraft:stone_axe":1},"minecraft:used":{"minecraft:wooden_axe":2,"minecraft:wooden_pickaxe":9,"minecraft:stone_axe":9,"minecraft:crafting_table":2}},"DataVersion":3465}