{"stats":{"minecraft:mined":{"minecraft:tall_grass":1,"minecraft:grass":5},"minecraft:custom":{"minecraft:jump":40,"minecraft:time_since_rest":4016,"minecraft:damage_dealt":35,"minecraft:damage_taken":50,"minecraft:leave_game":5,"minecraft:play_time":4016,"minecraft:sprint_one_cm":5356,"minecraft:time_since_death":4016,"minecraft:walk_on_water_one_cm":983,"minecraft:walk_one_cm":3547,"minecraft:total_world_time":4016,"minecraft:walk_under_water_one_cm":923,"minecraft:swim_one_cm":714,"minecraft:fall_one_cm":1243,"minecraft:fly_one_cm":10114,"minecraft:aviate_one_cm":5950}},"DataVersion":3465}