{"stats":{"minecraft:custom":{"minecraft:jump":29,"minecraft:time_since_rest":3052,"minecraft:damage_dealt":35,"minecraft:damage_taken":50,"minecraft:leave_game":4,"minecraft:play_time":3052,"minecraft:sprint_one_cm":3081,"minecraft:time_since_death":3052,"minecraft:walk_on_water_one_cm":796,"minecraft:walk_one_cm":3104,"minecraft:total_world_time":3052,"minecraft:walk_under_water_one_cm":884,"minecraft:swim_one_cm":313,"minecraft:fall_one_cm":1034,"minecraft:fly_one_cm":5834,"minecraft:aviate_one_cm":4913},"minecraft:mined":{"minecraft:tall_grass":1,"minecraft:grass":5}},"DataVersion":3465}