{"stats":{"minecraft:used":{"minecraft:oak_log":1,"minecraft:wooden_axe":1,"minecraft:cooked_mutton":6,"minecraft:wooden_pickaxe":7,"minecraft:rotten_flesh":2,"minecraft:stone_axe":22,"minecraft:dirt":1,"minecraft:crafting_table":2},"minecraft:picked_up":{"minecraft:wooden_axe":1,"minecraft:birch_log":6,"minecraft:crafting_table":3,"minecraft:allium":4,"patchouli:guide_book":2,"minecraft:wooden_pickaxe":1,"minecraft:oak_log":11,"alexsmobs:animal_dictionary":1,"minecraft:dirt":1,"minecraft:rotten_flesh":2,"minecraft:wheat_seeds":5,"farmersdelight:onion":2,"minecraft:oak_planks":16,"minecraft:cobblestone":6},"minecraft:custom":{"minecraft:time_since_rest":11774,"minecraft:sprint_one_cm":75708,"minecraft:damage_taken":925,"minecraft:walk_one_cm":40022,"minecraft:mob_kills":1,"minecraft:drop":7,"minecraft:damage_dealt":431,"minecraft:swim_one_cm":1135,"minecraft:interact_with_crafting_table":2,"minecraft:fly_one_cm":176520,"minecraft:player_kills":1,"minecraft:crouch_one_cm":687,"minecraft:play_time":39517,"minecraft:deaths":1,"minecraft:sneak_time":317,"minecraft:walk_under_water_one_cm":3920,"minecraft:aviate_one_cm":841268,"minecraft:jump":486,"minecraft:leave_game":12,"minecraft:time_since_death":10242,"minecraft:walk_on_water_one_cm":2823,"minecraft:total_world_time":39517,"minecraft:fall_one_cm":7151},"minecraft:dropped":{"minecraft:wheat_seeds":1,"minecraft:allium":4,"minecraft:wooden_axe":2,"farmersdelight:onion":2,"minecraft:wooden_pickaxe":2},"minecraft:crafted":{"minecraft:stick":8,"minecraft:wooden_pickaxe":1,"minecraft:stone_pickaxe":1,"minecraft:wooden_axe":1,"minecraft:stone_axe":1},"minecraft:mined":{"farmersdelight:wild_onions":2,"biomesoplenty:yellow_autumn_leaves":3,"minecraft:birch_log":6,"minecraft:crafting_table":2,"minecraft:grass":22,"minecraft:grass_block":1,"minecraft:oak_log":11,"minecraft:tall_grass":19,"minecraft:stone":6,"minecraft:fern":1}},"DataVersion":3465}